|sourceId| |articleId| |author| |title| |description| |url| |urlToImage| |publishedAt|
|abc-news| |0| |ABC News| |EPA chief recorded a single, one-hour meeting on day 1 of Morocco trip| |The Environmental Protection Agency has released new details about Administrator Scott Pruitt's schedule in Morocco last year.| |http://abcnews.go.com/Politics/epa-chief-recorded-single-hour-meeting-day-morocco/story?id=54619601| |https://s.abcnews.com/images/Politics/pruitt-rt-er-180409_hpMain_16x9_992.jpg| |2018-04-21T00:00:00Z|
|abc-news| |1| |ABC News| |After Facebook scrutiny, is Google next?| |Facebook has taken the lion's share of scrutiny from Congress and the media for its data-handling practices that allow savvy marketers and political agents to target specific audiences, but it's far from alone. YouTube, Google and Twitter also have giant plat…| |http://abcnews.go.com/Technology/wireStory/facebook-scrutiny-google-54630024| |NOVALUE| |2018-04-21T00:00:00Z|
|abc-news| |2| |ABC News| |CDC expands warning to consumers over tainted romaine lettuce| |The Centers for Disease Control is expanding its warning over romaine lettuce tainted with E. coli. The lettuce is responsible for at least 53 people falling ill, including 31 hospitalizations, in 16 states. The CDC had previously warned consumers only about …| |http://abcnews.go.com/Health/cdc-expands-warning-consumers-avoid-romaine-lettuce-arizona/story?id=54629549| |https://s.abcnews.com/images/US/arizona-romaine-lettuce-ap-mo-20180421_hpMain_16x9_992.jpg| |2018-04-21T00:00:00Z|
|abc-news| |3| |ABC News| |Much-needed rain arrives in Southwest hit by drought, fires| |A disturbance that developed in the high Plains is bringing a mix of rain and snow to parts of Colorado, and heavy rain and strong storms to parts of the central and southern Plains on Saturday. The storms are bringing incredibly beneficial rain to parts of t…| |http://abcnews.go.com/US/needed-rain-arrives-drought-fire-stricken-southwest/story?id=54630083| |https://s.abcnews.com/images/US/oklahoma-burned-ap-mo-20180421_hpMain_16x9_992.jpg| |2018-04-21T00:00:00Z|
|abc-news| |4| |ABC News| |Pilot killed in crash of single-engine plane in Tennessee| |Authorities say one person has been killed in a single-engine plane crash in Tennessee. The Chattanooga Times Free Press reports that a two-seat plane crashed near an airstrip while taking off at the municipal airport in Collegedale on Friday. Airport officia…| |http://abcnews.go.com/US/wireStory/pilot-killed-crash-single-engine-plane-tennessee-54635115| |NOVALUE| |2018-04-21T00:00:00Z|
|abc-news| |5| |ABC News| |1 injured in Florida high school shooting; suspect in custody, officials say| |A suspect was taken into custody Friday following a shooting at a high school in central Florida, authorities said.| |http://abcnews.go.com/US/injured-florida-high-school-shooting-suspect-custody-officials/story?id=54608040| |https://s.abcnews.com/images/US/forest-high-florida-google-ht-ps-180420_hpMain_16x9_992.jpg| |2018-04-20T00:00:00Z|
|abc-news| |6| |ABC News| |Missouri Gov. Greitens charged with second felony| |Greitens has been charged with felony computer tampering related to his alleged use of a donor list from his veterans’ charity for his 2016 gubernatorial campaign.| |http://abcnews.go.com/Politics/missouri-gov-greitens-charged-felony/story?id=54623307| |https://s.abcnews.com/images/Politics/Missouri-ap-er-180417_hpMain_2_16x9_992.jpg| |2018-04-20T00:00:00Z|
|abc-news| |7| |ABC News| |DHS confirms agreement with California on Guard troops despite Trump objections| |The Trump administration and California have reached an agreement that the state's National Guard will deploy only in support of the U.S. Border Patrol, according to a Homeland Security official, despite President Donald Trump complaining that the troops will…| |http://abcnews.go.com/Politics/dhs-confirms-agreement-california-guard-troops-trump-objections/story?id=54613576| |https://s.abcnews.com/images/US/california-border-patrol-gty-thg-180420_hpMain_16x9_992.jpg| |2018-04-20T00:00:00Z|
|abc-news| |8| |ABC News| |FAA orders emergency inspections of 352 engines following deadly Southwest incident| |The Federal Aviation Administration issued an emergency order on Friday for airlines to inspect engines like the one involved in Tuesday's fatal incident involving Southwest Airlines Flight 1380, according to an FAA spokesperson. Engines with more 30,000 tota…| |http://abcnews.go.com/US/faa-orders-emergency-inspections-352-engines-deadly-southwest/story?id=54621494| |https://s.abcnews.com/images/US/southwest_jet_engine_jd_180418_hpMain_16x9_992.jpg| |2018-04-20T00:00:00Z|
|abc-news| |9| |ABC News| |Judge denies man's request to reinstate free water program in Flint| |The case involved a man who said his home's water is contaminated.| |http://abcnews.go.com/US/judge-denies-mans-request-reinstate-free-water-program/story?id=54622967| |https://s.abcnews.com/images/US/flint-water-crisis-1-ap-thg-180420_hpMain_16x9_992.jpg| |2018-04-20T00:00:00Z|
|associated-press| |10| || |The Latest: Barbara Bush funeral procession underway| |HOUSTON (AP) — The Latest on the funeral and burial of former first lady Barbara Bush (all times local): 2:45 p.m. A funeral procession is making its way to Texas A&amp;M University for the burial of former first lady Barbara Bush. Roughly 1,500 people attend…| |https://apnews.com/cc49955ee09e43a2bfe56d5ea7fe9b35| |https://storage.googleapis.com/afs-prod/media/media:c7e8fa53e17c489e9b1d9a4eb141415e/3000.jpeg| |2018-04-21T19:52:24Z|
|associated-press| |11| |JUAN A. LOZANO| |Barbara Bush was 'first lady of the greatest generation'| |HOUSTON (AP) — Barbara Bush was the "first lady of the greatest generation." Historian Jon Meacham bestowed the title on Barbara Bush while speaking to former presidents, ambassadors and hundreds of other mourners inside the nation's largest Episcopal church …| |https://apnews.com/c482fa78580045dbb5e25c6482b60288| |https://storage.googleapis.com/afs-prod/media/media:a061727d762a499391daf6ace4dea44f/3000.jpeg| |2018-04-21T19:28:31Z|
|associated-press| |12| |JUAN A. LOZANO| |Barbara Bush was 'first lady of the greatest generation'| |HOUSTON (AP) — Barbara Bush was the "first lady of the greatest generation." Historian Jon Meacham bestowed the title on Barbara Bush while speaking to former presidents, ambassadors and hundreds of other mourners inside the nation's largest Episcopal church …| |https://apnews.com/c482fa78580045dbb5e25c6482b60288| |https://storage.googleapis.com/afs-prod/media/media:a061727d762a499391daf6ace4dea44f/3000.jpeg| |2018-04-21T19:28:31Z|
|associated-press| |13| |JILL COLVIN| |Trump says he doesn't think personal lawyer will 'flip'| |WEST PALM BEACH, Florida (AP) — President Donald Trump said Saturday that he doesn't expect Michael Cohen, his longtime personal lawyer and fixer, to "flip" as the government investigates Cohen's business dealings. Trump, in a series of tweets fired off from …| |https://apnews.com/887c4cbe5b944b9aa3b8a909bd798231| |https://storage.googleapis.com/afs-prod/media/media:cafa31091ce64445802df351017993d8/3000.jpeg| |2018-04-21T18:44:46Z|
|associated-press| |14| |DARLENE SUPERVILLE| |Vive la France: Trump hosts glitzy White House state dinner| |WASHINGTON (AP) — Now it's President Donald Trump's turn to pull off the ultimate charm offensive. Wined and dined on multiple state visits during his tour of Asia last year, Trump is paying it forward and celebrating nearly 250 years of U.S.-French relations…| |https://apnews.com/d838a9db698c457baa43f49d462592b0| |https://storage.googleapis.com/afs-prod/media/media:837d70957ebc4be0a7e43c7bd9049c9e/3000.jpeg| |2018-04-21T18:34:51Z|
|associated-press| |15| |SARAH RANKIN| |Pulitzer honoree is latest to win after leaving journalism| |RICHMOND, Va. (AP) — Ryan Kelly won a Pulitzer Prize this week for his photo of a car plowing into protesters at a white nationalist rally in Charlottesville, Virginia - an image he snapped on the final day of his newspaper job before leaving to work at a bre…| |https://apnews.com/dc312a7e503f4b7bb61a62013fea852d| |https://storage.googleapis.com/afs-prod/media/media:0fcff9034a33488899dfac3704ff658b/3000.jpeg| |2018-04-21T18:30:01Z|
|associated-press| |16| |PHILIP ISSA| |Chemical weapons inspectors collect samples from Syria site| |BEIRUT (AP) — Chemical weapons inspectors collected samples from Syria's Douma on Saturday, two weeks after a suspected gas attack there followed by retaliatory strikes by Western powers on the Syrian government's chemical facilities. The site visit, confirme…| |https://apnews.com/654ea5cf2ab24142a359180aab718391| |https://storage.googleapis.com/afs-prod/media/media:46e9904434484b61a6acadcf300b9053/2000.jpeg| |2018-04-21T17:21:02Z|
|associated-press| |17| |JAY REEVES and KIM CHANDLER| |New lynching memorial offers chance to remember, heal| |MONTGOMERY, Ala. (AP) — Elmore Bolling defied the odds against black men and built several successful businesses during the harsh era of Jim Crow segregation in the South. He had more money than a lot of whites, which his descendants believe was all it took t…| |https://apnews.com/3c5de838ee464aad858301d533ccc19d| |https://storage.googleapis.com/afs-prod/media/media:12103070c214414ba1779b0fd02faf0a/2000.jpeg| |2018-04-21T17:02:57Z|
|associated-press| |18| |DEE-ANN DURBIN| |After air accidents, survivors grapple with flying again| |Hundreds of hands grappling with oxygen masks. Flight attendants warning passengers to brace for impact. The plane hurtling toward the unforgiving ground. Survivors of air accidents often proclaim that their survival was a miracle. But what follows is another…| |https://apnews.com/535f03460b1340e1bff9e607625c9102| |https://storage.googleapis.com/afs-prod/media/media:3767dabe5c304157ba169f0f42a2cb9b/1992.jpeg| |2018-04-21T14:03:57Z|
|associated-press| |19| |ERIC TALMADGE| |AP Analysis: Kim Jong Un tests Trump with latest nuke offer| |TOKYO (AP) — North Korean leader Kim Jong Un has finally broken his silence on what he plans to bring to the table during his summits with the South Korean and U.S. presidents, and it doesn't have a whole lot to do with tossing out his hard-won nuclear arsena…| |https://apnews.com/29f510eb3598437b953d96e640d5ecea| |https://storage.googleapis.com/afs-prod/media/media:67d520bffb7e4678b5b77960521a4947/3000.jpeg| |2018-04-21T13:11:59Z|
|bleacher-report| |20| |NOVALUE| |NBA Playoffs Live: Sixers Eye 3-1 Lead| |Get the latest news, photos, rankings, lists and more on Bleacher Report| |http://bleacherreport.com/philadelphia-76ers-vs-miami-heat-2018-4-21| |https://static-assets.bleacherreport.com/img/br_630_height.png| |2018-04-21T18:38:02.7688123Z|
|bleacher-report| |21| |Rob Goldberg| |2018 NFL Draft Rumors: Lamar Jackson Expected to Be Among 5 QBs Picked in Top 20| |With less than a week remaining before the 2018 NFL draft, Louisville quarterback Lamar Jackson has reportedly secured a spot in the first round. According to Jordan Raanan of ESPN...| |http://bleacherreport.com/articles/2771775-2018-nfl-draft-rumors-lamar-jackson-expected-to-be-among-5-qbs-picked-in-top-20| |https://img.bleacherreport.net/img/images/photos/003/737/188/hi-res-bac961b3012270e73de20da9256de869_crop_exact.jpg?w=1200&h=1200&q=75| |2018-04-21T18:04:41Z|
|bleacher-report| |22| |Mike Chiari| |Rob Gronkowski: Patriots Fans Will See 'Freak-A-Leak' When I 'Maybe' Return| |New England Patriots tight end Rob Gronkowski addressed the media at Gillette Stadium in Foxborough, Massachusetts, on Saturday, and while he largely avoided questions regarding his playing status, he did offer some hints...| |http://bleacherreport.com/articles/2771760-rob-gronkowski-patriots-fans-will-see-freak-a-leak-when-i-maybe-return| |https://img.bleacherreport.net/img/images/photos/003/737/174/hi-res-25ef71f913fedc545c961c8a2445607f_crop_exact.jpg?w=1200&h=1200&q=75| |2018-04-21T16:39:15Z|
|bleacher-report| |23| |Tim Daniels| |John Calipari Met with NBPA to Ask for HS Combine, Ending 1-and-Done Rule| |University of Kentucky head basketball coach John Calipari said he met with the National Basketball Players Association to discuss ending the one-and-done rule and creating a combine for high school juniors to begin assessing their future...| |http://bleacherreport.com/articles/2771759-john-calipari-met-with-nbpa-to-ask-for-hs-combine-ending-1-and-done-rule| |https://img.bleacherreport.net/img/images/photos/003/737/171/hi-res-6035dc5e934848c88721bb2b14ea7db1_crop_exact.jpg?w=1200&h=1200&q=75| |2018-04-21T16:27:45Z|
|bleacher-report| |24| |Mike Chiari| |Luka Doncic Reportedly to Enter 2018 NBA Draft| |Potential No. 1 overall pick Luka Doncic has reportedly filed paperwork to be eligible for the 2018 NBA draft, according to Shams Charania of Yahoo Sports...| |http://bleacherreport.com/articles/2771754-luka-doncic-reportedly-to-enter-2018-nba-draft| |https://img.bleacherreport.net/img/images/photos/003/737/165/hi-res-2227e8004f42ed97290365da1d94c1bd_crop_exact.jpg?w=1200&h=1200&q=75| |2018-04-21T15:58:31Z|
|bleacher-report| |25| |Dave Schilling| |Traveling in the NBA: The Price of Making Art| |Let me just get this out of the way now: James Harden traveled. He probably traveled more than once in Game 1 of the Rockets' first-round playoff series against the Timberwolves ...| |http://bleacherreport.com/articles/2771640-traveling-in-the-nba-the-price-of-making-art| |https://img.bleacherreport.net/img/images/photos/003/737/032/e8a001e4699086d0d46b686cf3bb55c9_crop_exact.jpg?w=1200&h=1200&q=75| |2018-04-21T12:31:14Z|
|bleacher-report| |26| |NOVALUE| |B/R x 4/20| |The world’s best athletes smoke weed. Watch them smoke with B/R and share their stories on 4/20 #BRx420| |http://420.bleacherreport.com/| |http://thelab.bleacherreport.com.s3.amazonaws.com/420-preview/images/share-image.jpg| |2018-04-20T15:08:06.4348057Z|
|bleacher-report| |27| |Master Tesfatsion| |The World's Best Athletes Smoke Weed. Here's Proof. What Now?| |NBA and NFL veterans blazed with B/R to prove that times are changing. Real talk: It's time to break the stigma. The conversation starts here. Pass it on.| |http://bleacherreport.com/articles/2771410-athletes-smoke-weed-interviews-nba-nfl-420| |https://img.bleacherreport.net/img/images/photos/003/736/740/1e046786220416ba330287e046b4a6b7_crop_exact.jpg?w=1200&h=1200&q=75| |2018-04-20T14:52:43Z|
|bleacher-report| |28| |Matt Miller| |Matt Miller's Scouting Notebook: When, Where Will Top QBs Land in NFL Draft?| |The biggest question among every person who follows the NFL draft or works in the industry right now is "Where will the quarterbacks go?" I actually woke up to that text from a high-level executive on Thursday morning...| |http://bleacherreport.com/articles/2771388-matt-millers-scouting-notebook-when-where-will-top-qbs-land-in-nfl-draft| |https://img.bleacherreport.net/img/images/photos/003/736/744/hi-res-95261b671e0fcb79b24316f181a6d922_crop_exact.jpg?w=1200&h=1200&q=75| |2018-04-20T11:21:49Z|
|bleacher-report| |29| |Mike Tanier| |Dallas Goedert Leaps from Small-Town Hero to the Top of the Tight End Class| |Dallas Goedert 's home town of Britton, South Dakota, is so small that the football teams only have nine players and the bicycles only have one wheel...| |http://bleacherreport.com/articles/2765969-dallas-goedert-leaps-from-small-town-hero-to-the-top-of-the-tight-end-class?utm_source=cnn.com&amp;utm_campaign=editorial&amp;utm_medium=referral| |https://img.bleacherreport.net/img/images/photos/003/735/574/hi-res-7d25db8e3fb9d4b7add3915740d200de_crop_exact.jpg?w=1200&h=1200&q=75| |2018-04-20T11:20:18Z|
|bloomberg| |30| |Bob Van Voris| |Stormy Daniels's Former Lawyer Cooperating in Cohen Probe| |The former attorney for two women who claim they were paid to keep quiet about having sex with Donald Trump before he was elected president is cooperating with a criminal investigation of Trump’s lawyer and fixer, Michael Cohen.| |http://www.bloomberg.com/news/articles/2018-04-21/stormy-daniels-s-former-lawyer-cooperating-in-cohen-probe| |https://assets.bwbx.io/images/users/iqjWHBFdfxIU/ileT3l_a96GM/v0/1200x800.jpg| |2018-04-21T15:05:55Z|
|bloomberg| |31| |Benjamin D Katz| |PokerStars Owner to Buy U.K.'s Sky Betting in $4.7 Billion Deal| |The Stars Group Inc. agreed to buy Sky Betting & Gaming in a deal valued at $4.7 billion, the biggest acquisition yet by Chief Executive Officer Rafi Ashkenazi as the owner of PokerStars moves to create what will be the biggest publicly listed online gambling…| |http://www.bloomberg.com/news/articles/2018-04-21/pokerstars-owner-to-buy-u-k-s-sky-betting-in-4-7-billion-deal| |https://assets.bwbx.io/images/users/iqjWHBFdfxIU/i9e8rzxqD5Ik/v0/1200x801.jpg| |2018-04-21T13:34:56Z|
|bloomberg| |32| |Kanga Kong, Shinhye Kang| |Trump Hails `Big Progress’ as Kim Vows to Extend Freeze on Tests| |U.S. President Donald Trump hailed “big progress” as North Korean leader Kim Jong Un pledged to halt nuclear testing, a largely symbolic gesture that appeared aimed at softening the ground for talks between the two leaders.| |http://www.bloomberg.com/news/articles/2018-04-21/trump-hails-big-progress-as-kim-vows-to-extend-freeze-on-tests| |https://assets.bwbx.io/images/users/iqjWHBFdfxIU/iz.H4.inoAZs/v0/1200x800.jpg| |2018-04-21T10:57:59Z|
|bloomberg| |33| |David Biller| |South America Stands to Benefit From a Trade War It Doesn't Want| |Some South American commodity producers may see their fortunes rise from the trade spat between the U.S. and China. But none are rejoicing, at least not publicly.| |http://www.bloomberg.com/news/articles/2018-04-21/south-america-stands-to-benefit-from-a-trade-war-it-doesn-t-want| |https://assets.bwbx.io/s3/javelin/public/javelin/images/social-markets-3d32d2f713.jpg| |2018-04-21T10:00:00Z|
|bloomberg| |34| |Guy Collins| |Lafleur '82 Magnums Fetch More Than $12,000 Each at Sotheby's| |Six magnums of rare Chateau Lafleur 1982 wine from the Pomerol region fetched 54,970 pounds ($77,095), or more than $12,000 each, as a selection of historic Bordeaux vintages dating as far back as 1909 went under the hammer at a Sotheby’s auction in London th…| |http://www.bloomberg.com/news/articles/2018-04-21/lafleur-82-magnums-fetch-more-than-12-000-each-at-sotheby-s| |https://assets.bwbx.io/images/users/iqjWHBFdfxIU/ifHg8MVQu.pg/v0/1200x800.jpg| |2018-04-21T09:22:02Z|
|bloomberg| |35| |Jesse Hamilton| |Wells Fargo's Big Fine Puts Fresh Focus on Power of Trump Tweets| |For years, Republican lawmakers and regulators have groused about big corporate fines, arguing that they mostly punish blameless shareholders, not the executives who are responsible for misconduct.| |http://www.bloomberg.com/news/articles/2018-04-21/wells-fargo-s-big-fine-puts-fresh-focus-on-power-of-trump-tweets| |https://assets.bwbx.io/s3/javelin/public/javelin/images/social-default-a4f15fa7ee.jpg| |2018-04-21T04:00:01Z|
|bloomberg| |36| |Frederic Tomesco| |Canadian Pacific, Rail Unions Reach Deal to Avoid Canada Strike| |Canadian Pacific Railway Ltd. and two of its unions reached a last-minute agreement to stave off a strike that threatened to snarl traffic at Canada’s second-biggest railroad.| |http://www.bloomberg.com/news/articles/2018-04-21/canadian-pacific-rail-unions-reach-deal-to-avoid-canada-strike| |https://assets.bwbx.io/images/users/iqjWHBFdfxIU/iX_ln5ohjDPY/v0/1200x800.jpg| |2018-04-21T00:32:36Z|
|bloomberg| |37| |Liz McCormick| |Treasury 10-Year Yield Sets 2018 High, Traders Focus on 3%| |Treasuries traders have a new level to focus on: the pivotal 3 percent mark on 10-year notes.| |http://www.bloomberg.com/news/articles/2018-04-20/treasury-10-year-yield-sets-2018-high-as-traders-focus-on-3| |https://assets.bwbx.io/images/users/iqjWHBFdfxIU/i4uQse53FaQY/v0/1200x631.jpg| |2018-04-20T19:51:41Z|
|bloomberg| |38| |NOVALUE| |Buying Your First “Real” Watch? Here Are Five to Consider| |All new, and all under $3,000| |http://www.bloomberg.com/news/articles/2018-04-20/buying-your-first-real-watch-here-are-five-to-consider| |https://assets.bwbx.io/images/users/iqjWHBFdfxIU/iXPvpuycnnOE/v0/1200x675.jpg| |2018-04-20T06:35:12Z|
|bloomberg| |39| |Kim Bhasin, Justina Vasquez| |Why a Cashmere Sweater Can Cost $2,000 … or $30| |The rise of cashmere has created an oddly wide price gap for plain sweaters.| |http://www.bloomberg.com/news/articles/2018-04-19/why-a-cashmere-sweater-can-cost-2-000-or-30| |https://assets.bwbx.io/images/users/iqjWHBFdfxIU/i2o7oIIdmySg/v1/1200x800.jpg| |2018-04-19T09:00:12Z|
|breitbart-news| |40| |AP| |Accepting rights award, Kaepernick decries 'lawful lynching' - Breitbart| |AMSTERDAM (AP) — Amnesty International gave former NFL quarterback Colin Kaepernick its Ambassador of Conscience Award on Saturday for his kneeling protest of racial injustice that launched a sports movement and might have cost him his job. Onetime San Franci…| |http://www.breitbart.com/news/accepting-rights-award-kaepernick-decries-lawful-lynching/| |http://media.breitbart.com/media/2018/04/wi/ap/21/2iivds_aptopix-netherlands-kaepernick-60374-nfl-quarterback-social-justice.jpg| |2018-04-21T19:53:08.5791994Z|
|breitbart-news| |41| |Jerome Hudson| |Kanye West Praises Conservative Firebrand Candace Owens| |Hip-hop megastar and fashion mogul Kanye West took to Twitter on Saturday and declared his "love" for conservative YouTube star turned grassroots activist Candace Owens.| |http://www.breitbart.com/big-hollywood/2018/04/21/kanye-west-praises-conservative-firebrand-candace-owens/| |http://media.breitbart.com/media/2018/04/KanyeandCandice1.jpg| |2018-04-21T12:12:44Z|
|breitbart-news| |42| |AWR Hawkins| |Unpublished CDC Study Confirms over 2 Million Annual Defensive Gun Uses| |An unpublished Centers for Disease Control and Prevention (CDC) study confirms Florida State University criminologist Gary Kleck's findings of more than two million defensive handgun uses (DGUs) per year.| |http://www.breitbart.com/big-government/2018/04/21/unpublished-cdc-study-confirms-2-million-annual-defensive-gun-uses/| |http://media.breitbart.com/media/2015/01/raised-gun-AP.jpg| |2018-04-21T12:04:58Z|
|breitbart-news| |43| |Bob Price| |Four Border Patrol Agents Assaulted near Texas Border| |Border Patrol officials in the Rio Grande Valley Sector reported assaults on four agents in separate incidents in a one-week period. Fortunately, none of the agents were seriously injured during the attacks.| |http://www.breitbart.com/texas/2018/04/21/four-border-patrol-agents-assaulted-near-texas-border/| |http://media.breitbart.com/media/2016/12/South-Texas-Laredo-BP-Air-Boat-Patrol-Rio-Grand-River-DB.jpg| |2018-04-21T11:19:27Z|
|breitbart-news| |44| |Dylan Gwinn| |Baltimore Police Chief Apologizes for '200 Years' of Police Brutality at Rap Concert (Video)| |Baltimore's police chief apologized for "200 years" of police brutality, to a packed rap concert on Wednesday night.| |http://www.breitbart.com/big-hollywood/2018/04/21/baltimore-police-chief-apologizes-200-years-police-brutality-rap-concert/| |http://media.breitbart.com/media/2018/04/darryl-de-sousa.jpg| |2018-04-21T10:57:57Z|
|breitbart-news| |45| |Ben Kew| |'Smallville' Actress Allison Mack Charged with Sex Trafficking for Her Alleged Role in NXIVM Sex Cult| |Smallville actress Allison Mack was arrested by federal prosecutors on Friday for her alleged involvement in a sadistic sex cult, which is currently the focus of multiple criminal investigations.| |http://www.breitbart.com/big-hollywood/2018/04/21/smallville-actress-allison-mack-charged-sex-trafficking-alleged-role-nxivm-sex-cult/| |http://media.breitbart.com/media/2018/04/Allymack1.jpg| |2018-04-21T10:36:04Z|
|breitbart-news| |46| |Ben Kew| |Amy Schumer Responds to ‘I Feel Pretty’ Backlash: a Black Woman Should’ve Played My Role| |Actress Amy Schumer responded to criticism of her latest film I Feel Pretty by suggesting her role should have been given to a "woman of color."| |http://www.breitbart.com/big-hollywood/2018/04/21/amy-schumer-responds-to-i-feel-pretty-backlash-a-black-woman-shouldve-played-my-role/| |http://media.breitbart.com/media/2018/04/Ifeelblack1.jpg| |2018-04-21T10:14:29Z|
|breitbart-news| |47| |Pam Key| |Trey Gowdy: Comey's 'Whole Book Tour Is a Pretty Weaselly Thing'| || |http://www.breitbart.com/video/2018/04/20/trey-gowdy-comeys-whole-book-tour-pretty-weaselly-thing/| |http://media.breitbart.com/media/2017/06/Trey-Gowdy-close-AP.jpg| |2018-04-20T18:18:26Z|
|breitbart-news| |48| |Charlie Spiering| |Donald Trump Announces Plan to Countersue Democrats for DNC Server| |“Just heard the Campaign was sued by the Obstructionist Democrats,” Trump wrote on Twitter. “This can be good news in that we will now counter[sue] for the DNC Server that they refused to give to the FBI.”| |http://www.breitbart.com/big-government/2018/04/20/donald-trump-announces-plan-to-countersue-democrats-for-dnc-server/| |http://media.breitbart.com/media/2016/01/ap_hillary-clinton-tom-perez_ap-photo-wi.jpg| |2018-04-20T16:27:39Z|
|breitbart-news| |49| |Jeff Poor| |CNN's Borger: DNC Lawsuit Against Trump a '100 Percent Stunt' --- 'Just a Way to Raise Money'| || |http://www.breitbart.com/video/2018/04/20/cnns-borger-dnc-lawsuit-trump-100-percent-stunt-just-way-raise-money/| |http://media.breitbart.com/media/2018/04/Borger420.jpg| |2018-04-20T14:34:48Z|
|cbs-news| |50| |AP| |Colin Kaepernick, NFL quarterback, honored by Amnesty for inequality protests| |Amnesty hands its award each year to a person or organization "dedicated to fighting injustice and using their talents to inspire others"| |https://www.cbsnews.com/news/colin-kaepernick-nfl-quarterback-honored-by-amnesty-for-inequality-protests/| |https://cbsnews3.cbsistatic.com/hub/i/r/2018/04/21/a5927f68-02ae-4e89-bef3-02e9653c885f/thumbnail/1200x630g2/1ab26ccbbd0bd602f2b4b4c5e1a1fd4f/colin.jpg| |2018-04-21T16:24:20+00:00|
|cbs-news| |51| |CBS News| |Iran open to prisoner swap if US has 'change of attitude,' says Foreign Minister| |Margaret Brennan’s interview with Mohammad Javad Zarif airs Sunday on ‘Face the Nation’| |https://www.cbsnews.com/news/iran-open-to-prisoner-swap-if-us-has-change-of-attitude-says-foreign-minister/| |https://cbsnews1.cbsistatic.com/hub/i/r/2015/07/17/6e7a5b69-433b-4e47-9496-a98cd8a33ffe/thumbnail/1200x630/337ad4b9692f6c6fee2d982eba58a5f2/zarif-brennan-mixdown422234640x360.jpg| |2018-04-21T16:17:53+00:00|
|cbs-news| |52| |CBS/AP| |Relatives win injunction stopping sales of Frida Kahlo Barbie doll| |"This Barbie doll is meant to honor Frida Kahlo's great legacy and story," Mattel said in a statement. "We followed the correct steps ... and look forward to the matter being resolved in court"| |https://www.cbsnews.com/news/relatives-win-injunction-stopping-sales-of-frida-kahlo-barbie-doll/| |https://cbsnews2.cbsistatic.com/hub/i/r/2018/04/21/783646ae-1ba5-421e-8af7-4a970739bc43/thumbnail/1200x630g2/95be743b1e352ea03be821801ab4edbd/frida.jpg| |2018-04-21T14:17:53+00:00|
|cbs-news| |53| |AP| |Dad stabbed to death in random attack as daughter sits in lap at restaurant| |Homeless man was charged Friday with murder in a random attack on a California father in a crowded beachside steakhouse| |https://www.cbsnews.com/news/dad-stabbed-to-death-in-random-attack-as-daughter-sits-in-lap-at-restaurant/| |https://cbsnews1.cbsistatic.com/hub/i/r/2018/04/21/1121303e-658a-437d-96e7-e62129c50008/thumbnail/1200x630/9c255fbbd8e49648f392a32f31ffa8fa/jackson.jpg| |2018-04-21T13:45:58+00:00|
|cbs-news| |54| |Kathryn Watson| |Trump lashes out at New York Times reporter in latest attack on press| |President's tweets also served as an indication of how much the situation involving his lawyer Michael Cohen appears to be frustrating Mr. Trump| |https://www.cbsnews.com/news/trump-new-york-times-reporter-maggie-haberman-michael-cohen-coverage-attack-on-press/| |https://cbsnews1.cbsistatic.com/hub/i/r/2017/05/03/549d8294-cb04-4a54-b983-57d9dbb8f854/thumbnail/1200x630g2/eebbb049a2055e444c07c187a6e7056c/ap-576109573733.jpg| |2018-04-21T13:26:25+00:00|
|cbs-news| |55| |AP| |Chemical weapons inspectors have left for Syria's Douma, Russia says| |Russian Foreign Ministry says chemical weapons inspectors have left for Syria's Douma.| |https://www.cbsnews.com/news/chemical-weapons-inspectors-left-for-douma-syria-russia-foreign-ministry-says-2018-04-21/| |https://cbsnews2.cbsistatic.com/hub/i/r/2017/06/22/560169d1-a870-44fd-a33d-8ebd20961157/thumbnail/1200x630/239a7fd031c4bfa2d2c1af5e6f3fe5f2/breaking-news-v6.jpg| |2018-04-21T12:51:28+00:00|
|cbs-news| |56| |CBS News/AP| |Jeb Bush to eulogize mother, Barbara Bush, in private service| |First lady Melania Trump, former President Bill Clinton and Hillary Clinton, and former President Barack Obama and Michelle Obama, are among those expected to attend the service at St. Martin's Episcopal Church in Houston| |https://www.cbsnews.com/live-news/barbara-bush-funeral-services-time-location-watch-live-updates-2018-04-21/| |https://cbsnews2.cbsistatic.com/hub/i/r/2018/04/21/c182a9fa-9bdf-44b7-b6f7-1844814d6293/thumbnail/1200x630/4229b778245677a9eb5ceb3e471da0d6/bush.jpg| |2018-04-21T12:35:37+00:00|
|cbs-news| |57| |CBS/AP| |North Korea stops short of suggesting any intention of giving up nuclear arsenal| |Country's suspension of nuclear, missile tests​ gives best idea yet of what Kim intends to bring with him in summits with Moon and Trump| |https://www.cbsnews.com/news/north-korea-stops-short-of-suggesting-any-intention-of-giving-up-nuclear-arsenal/| |https://cbsnews3.cbsistatic.com/hub/i/r/2018/04/21/8f8bf0f6-056b-4682-9f96-5536caac1152/thumbnail/1200x630g2/e21bf6a3b58d5cb6f668c8f3e5244d36/kim.jpg| |2018-04-21T12:15:03+00:00|
|cbs-news| |58| |CBS/AP| |Queen Elizabeth II to mark 92nd birthday with star-studded concert in London| |Special gun salutes are also being staged midday Saturday in central London to mark the occasion| |https://www.cbsnews.com/news/queen-elizabeth-ii-to-mark-92nd-birthday-with-star-studded-concert-in-london/| |https://cbsnews1.cbsistatic.com/hub/i/r/2018/04/21/26d08e3e-c7ee-48aa-be00-f37f4e92d98a/thumbnail/1200x630/ef762158ede7c642780557938803e3bb/queen.jpg| |2018-04-21T11:18:10+00:00|
|cbs-news| |59| |David Morgan| |Barbara Bush 1925-2018| |A look back at the life of the first lady - wife of the 41st President of the United States, and mother of the 43rd| |https://www.cbsnews.com/pictures/barbara-bush-1925-2018/| |https://cbsnews3.cbsistatic.com/hub/i/r/2014/01/17/9e675e58-4bb9-4248-9782-0b6b03bee477/thumbnail/1200x630/f85d073d2a42f3690d2752514e2af0af/142074599.jpg| |2018-04-15T19:46:06+00:00|
|cnbc| |60| |Leslie Josephs| |Deadly engine blast on Southwest flight could shake any traveler but air travel has become remarkably safe| |A deadly engine failure aboard a Southwest Airlines flight broke a nine-year streak of zero passenger fatalities aboard U.S. airlines.| |https://www.cnbc.com/2018/04/21/air-travel-has-become-remarkably-safe-despite-deadly-southwest-blast.html| |https://fm.cnbc.com/applications/cnbc.com/resources/img/editorial/2018/04/18/105139771-GettyImages-947840494.1910x1000.jpg| |2018-04-21T17:22:11Z|
|cnbc| |61| |Todd Haselton| |How to stay connected on your phone when you travel out of the country| |If you're planning a trip out of the country, here are your best options for staying connected.| |https://www.cnbc.com/2018/04/21/phone-plans-for-international-travel.html| |https://fm.cnbc.com/applications/cnbc.com/resources/img/editorial/2018/03/26/105089604-Capture.1910x1000.JPG| |2018-04-21T17:15:02Z|
|cnbc| |62| |Michael Sheetz| |The British are coming -- for the rocket-launching industry| |The British are moving quickly to attract the business of rocket launchers.| |https://www.cnbc.com/2018/04/21/uk-space-agency-aims-100-billion-by-2030.html| |https://fm.cnbc.com/applications/cnbc.com/resources/img/editorial/2017/09/14/104710540-VO_LauncherOne_20170912.1910x1000.jpg| |2018-04-21T17:11:55Z|
|cnbc| |63| |Rick Jervis and Gregory Korte| |Barbara Bush funeral: Melania Trump, Obamas pay last respects| || |https://www.cnbc.com/2018/04/21/barbara-bush-funeral-melania-trump-obamas-pay-last-respects.html| |https://fm.cnbc.com/applications/cnbc.com/resources/img/editorial/2017/01/23/104235240-RTR5F4S.1910x1000.jpg| |2018-04-21T16:55:18Z|
|cnbc| |64| |Kevin Breuninger| |A sweeping Democratic lawsuit is just the latest in a string of legal battles trailing Trump| |President Trump's lawyer, Michael Cohen, is now the subject of an investigation involving potential financial crimes.| |https://www.cnbc.com/2018/04/21/trump-dogged-by-a-string-of-legal-battles-including-dnc-lawsuit.html| |https://fm.cnbc.com/applications/cnbc.com/resources/img/editorial/2018/04/06/105114297-RTX5HFQJ.1910x1000.jpg| |2018-04-21T15:25:08Z|
|cnbc| |65| |Jordan Novet| |Why tech companies are racing each other to make their own custom A.I. chips| |Alibaba is the latest company to articulate a plan to build a chip suited just for artificial intelligence computing work.| |https://www.cnbc.com/2018/04/21/alibaba-joins-google-others-in-making-custom-ai-chips.html| |https://fm.cnbc.com/applications/cnbc.com/resources/img/editorial/2017/10/31/104809507-rsz_jackmataichi.1910x1000.jpg| |2018-04-21T15:01:22Z|
|cnbc| |66| |Spencer Kimball| |Trump questions legality of special counsel| |Trump has reportedly considered firing Mueller at least twice over the past year, repeatedly slamming the Russia probe as a "witch hunt."| |https://www.cnbc.com/2018/04/21/trump-questions-legality-of-special-counsel.html| |https://fm.cnbc.com/applications/cnbc.com/resources/img/editorial/2018/04/20/105145946-RTX4SQNE.1910x1000.jpg| |2018-04-21T14:09:20Z|
|cnbc| |67| |Darla Mercado| |What you need to know about the Wells Fargo settlement| |Wells Fargo is paying up $1 billion in penalties to regulators, related to allegations around the bank's mortgage and auto loan practices. Affected consumers can also expect to get a refund.| |https://www.cnbc.com/2018/04/20/what-consumers-need-to-know-about-wells-fargo-settlement.html| |https://fm.cnbc.com/applications/cnbc.com/resources/img/editorial/2017/10/08/104760030-GettyImages-521394926r.1910x1000.jpg| |2018-04-20T17:31:10Z|
|cnbc| |68| |Paayal Zaveri| |Big American tech companies are snapping up foreign-worker visas, replacing Indian outsourcing firms| |U.S. tech companies might be relying more on H-1B workers, according to a new study. This as the study finds Indian outsourcing firms may be losing their stronghold on H-1B skilled worker visas.| |https://www.cnbc.com/2018/04/20/big-american-tech-companies-are-snapping-up-h1-b-visas.html| |https://fm.cnbc.com/applications/cnbc.com/resources/img/editorial/2017/04/19/104412279-GettyImages-669942066.1910x1000.jpg| |2018-04-20T13:13:39Z|
|cnbc| |69| |Alex Sherman| |Carl Icahn has taken a 'medium'-sized stake in VMware, sources say| |Activist investor Carl Icahn has acquired a stake in VMware while Dell is considering a reverse merger with the virtualization company.| |https://www.cnbc.com/2018/04/17/carl-icahn-has-a-medium-sized-stake-in-vmware-sources-say.html| |https://fm.cnbc.com/applications/cnbc.com/resources/img/editorial/2016/09/14/103940630-20160913-9076-2269.1910x1000.jpg| |2018-04-18T02:30:08Z|
|cnn| |70| |NOVALUE| |Author: Trump has been lying since childhood - CNN Video| |In an interview with CNN's Anderson Cooper, Trump biographer Michael D'Antonio claims President Trump has been lying since he was a child, saying "he was named the ladies man at a school that had no women at it ... he has been doing this forever."| |http://us.cnn.com/videos/politics/2018/04/21/michael-dantonio-intv-trump-lies-childhood-sot-cooper-ac.cnn| |https://cdn.cnn.com/cnnnext/dam/assets/180421092414-01-donald-trump-0417-super-tease.jpg| |2018-04-21T19:45:07.4826714Z|
|cnn| |71| |Lindsay Benson| |Avicii songs ring out from this Dutch town's bell tower as a tribute to the late Swedish artist| |In a tribute to the late Swedish artist Avicii, a town in the Netherlands played some of his most popular songs from its bell tower on Saturday morning.| |http://us.cnn.com/2018/04/21/world/avicii-utrecht-netherlands-bell-tower-trnd/index.html| |https://cdn.cnn.com/cnnnext/dam/assets/180421140023-avicii-utrecht-netherlands-bell-tower-super-tease.jpg| |2018-04-21T19:35:05Z|
|cnn| |72| |Theresa Waldrop, CNN| |DJ Kygo calls Avicii 'a true musical genius' in emotional Coachella tribute| |DJ Kygo makes an emotional tribute to his friend Avicii at Coachella. Grammy-nominated Avicii, a Swedish DJ whose real name was Tim Bergling, was found dead Friday in Oman.| |http://us.cnn.com/2018/04/21/entertainment/kygo-avicii-coachella-tribute/index.html| |https://cdn.cnn.com/cnnnext/dam/assets/180421142121-kygo-avicii-tribute-super-tease.jpeg| |2018-04-21T17:55:48Z|
|cnn| |73| |Sugam Pokharel and Laura Smith-Spark, CNN| |India seeks death penalty for child rapists| |India's Cabinet has passed an executive order to make the rape of a girl under 12 punishable by the death penalty as national outrage grows over sexual violence in the country.| |http://us.cnn.com/2018/04/21/asia/india-death-penalty-child-rape-intl/index.html| |https://cdn.cnn.com/cnnnext/dam/assets/180416053438-05-india-rape-protest-0415-super-tease.jpg| |2018-04-21T17:14:04Z|
|cnn| |74| |Errol Louis, CNN Political Commentator| |Giuliani is the guy you call as a last resort| |Rudy Giuliani is joining Donald Trump's legal team at a time when the President wants loyalty and doggedness above all else, says Errol Louis -- and he'll get it from Rudy.| |http://us.cnn.com/2018/04/20/opinions/rudy-giuliani-joins-trump-team-now-what-louis-opinion/index.html| |https://cdn.cnn.com/cnnnext/dam/assets/180419175153-giuliani-jan-2017-super-tease.jpg| |2018-04-21T16:43:42Z|
|cnn| |75| |Matt Korade| |Trump defends Cohen after NYT report| |President Donald Trump aggressively defended his personal lawyer Saturday morning after The New York Times reported on Trump's sometimes poor treatment of the attorney, Michael Cohen, who the newspaper said might cooperate with special counsel Robert Mueller …| |http://us.cnn.com/2018/04/21/politics/trump-cohen-new-york-times/index.html| |https://cdn.cnn.com/cnnnext/dam/assets/180421095836-donald-trump-michael-cohen-split-restricted-super-tease.jpg| |2018-04-21T16:00:05Z|
|cnn| |76| |Veronica Stracqualursi, CNN| |Trump uses Comey memos to try to discredit Mueller investigation| |President Donald Trump questioned the basis of special counsel Robert Mueller's Russia investigation in a tweet early Saturday morning, alleging that the probe started after former FBI Director James Comey "illegally leaked classified" information.| |http://us.cnn.com/2018/04/21/politics/trump-comey-memos-classified/index.html| |https://cdn.cnn.com/cnnnext/dam/assets/160707083809-donald-trump-james-comey-super-tease.jpg| |2018-04-21T14:25:55Z|
|cnn| |77| |Katelyn Polantz, Jim Sciutto and Clare Foran, CNN| |Dems' suit alleges Russia, Trump campaign, WikiLeaks conspired to interfere in 2016 campaign| |The Democratic National Committee is suing the Trump campaign, Russia, WikiLeaks founder Julian Assange and several relatives and associates of President Donald Trump alleging a grand conspiracy that harmed Democrats through WikiLeaks' publication of internal…| |http://us.cnn.com/2018/04/20/politics/democrats-lawsuit-russia/index.html| |https://cdn.cnn.com/cnnnext/dam/assets/170104172018-02-trump-assange-split-restricted-super-tease.jpg| |2018-04-21T00:29:48Z|
|cnn| |78| |Sandra Gonzalez, CNN| |'Smallville' actress Allison Mack arrested for alleged role in sex trafficking case| |Allison Mack's arrest is related to her alleged involvement with an organization called Nxivm.| |http://us.cnn.com/2018/04/20/entertainment/allison-mack-arrested/index.html| |https://cdn.cnn.com/cnnnext/dam/assets/180420135836-allison-mack-super-tease.jpg| |2018-04-21T00:07:14Z|
|cnn| |79| |Eli Watkins, CNN| |WaPo: Sessions said he'd consider resigning if Trump fired Rosenstein| |Attorney General Jeff Sessions told White House counsel Donald McGahn he would have considered leaving if President Donald Trump fired Deputy Attorney General Rod Rosenstein, who oversees the Russia probe, The Washington Post reported Friday.| |http://us.cnn.com/2018/04/20/politics/jeff-sessions-rod-rosenstein/index.html| |https://cdn.cnn.com/cnnnext/dam/assets/180123122645-03-jeff-sessions-file-super-tease.jpg| |2018-04-20T23:54:20Z|
|fox-news| |80| |Fox News| |Honoring the life of former first lady Barbara Bush| |rbara Bush funeral held in Houston, Texas.| |http://video.foxnews.com/v/5774458916001/| |http://a57.foxnews.com/media2.foxnews.com/BrightCove/694940094001/2018/04/21/640/360/694940094001_5774467317001_5774458916001-vs.jpg| |2018-04-21T19:53:04.7965627Z|
|fox-news| |81| |Fox News| |Historian Jon Meacham delivers eulogy for Barbara Bush| |Presidential historian Jon Meacham says Barbara Bush was candid, comforting, steadfast and straightforward as he reflects on the life of the former first lady.| |http://video.foxnews.com/v/5774437262001/| |http://a57.foxnews.com/media2.foxnews.com/BrightCove/694940094001/2018/04/21/640/360/694940094001_5774433740001_5774437262001-vs.jpg| |2018-04-21T19:37:51.147574Z|
|fox-news| |82| |Fox News| |Jeb Bush on the lessons Barbara Bush shared with her family| |During a eulogy for Barbara Bush, Jeb Bush says his mother taught her family to live a life of purpose and meaning.| |http://video.foxnews.com/v/5774437308001/| |http://a57.foxnews.com/media2.foxnews.com/BrightCove/694940094001/2018/04/21/640/360/694940094001_5774433770001_5774437308001-vs.jpg| |2018-04-21T19:37:49.6431266Z|
|fox-news| |83| |Fox News| |Amish buggy crashes in Ohio, killing woman and injuring man and 2 infants| |SIDNEY, OH (AP) — Authorities say an Amish buggy has been struck from behind in Ohio, killing a woman and critically injuring a man and two infants.| |http://www.foxnews.com/us/2018/04/21/amish-buggy-crashes-in-ohio-killing-woman-and-injuring-man-and-2-infants.html| |http://a57.foxnews.com/images.foxnews.com/content/fox-news/us/2018/04/21/amish-buggy-crashes-in-ohio-killing-woman-and-injuring-man-and-2-infants/_jcr_content/par/featured_image/media-0.img.jpg/0/0/1524339275935.jpg?ve=1| |2018-04-21T19:09:00+00:00|
|fox-news| |84| |Fox News| |Coming up on 'Fox News Sunday': April 22| |An exclusive interview with French President Emmanuel Macron.| |http://video.foxnews.com/v/5774442700001/| |http://a57.foxnews.com/media2.foxnews.com/BrightCove/694940094001/2018/04/21/640/360/694940094001_5774433783001_5774442700001-vs.jpg| |2018-04-21T18:22:54.8146484Z|
|fox-news| |85| |Fox News| |Cardin shares concerns about Pompeo despite NKorea progress| |Democratic Senator Ben Cardin discusses diplomatic progress with North Korea and Mike Pompeo's difficult confirmation process.| |http://video.foxnews.com/v/5774393281001/| |http://a57.foxnews.com/media2.foxnews.com/BrightCove/694940094001/2018/04/21/640/360/694940094001_5774395572001_5774393281001-vs.jpg| |2018-04-21T18:07:51.1341085Z|
|fox-news| |86| |Fox News| |Texas teen's car stolen, totaled after he stops to help at crash scene| |A Texas teen says his car was totaled after he stopped at an accident scene and it was stolen-- by the driver of the wrecked vehicle.| |http://www.foxnews.com/us/2018/04/21/texas-teens-car-stolen-totaled-after-stops-to-help-at-crash-scene.html| |http://a57.foxnews.com/images.foxnews.com/content/fox-news/us/2018/04/21/texas-teens-car-stolen-totaled-after-stops-to-help-at-crash-scene/_jcr_content/par/featured_image/media-0.img.jpg/0/0/1524326908980.jpg?ve=1| |2018-04-21T16:15:00+00:00|
|fox-news| |87| |Fox News| |Missouri mother watched home burn down with her four sons inside: 'She lost everything'| |Tina Brazil was heard screaming as her Lake Ozark, Mo., home caught fire killing her four children inside.| |http://www.foxnews.com/us/2018/04/21/missouri-mother-watched-home-burn-down-with-her-four-sons-inside-lost-everything.html| |http://a57.foxnews.com/images.foxnews.com/content/fox-news/us/2018/04/21/missouri-mother-watched-home-burn-down-with-her-four-sons-inside-lost-everything/_jcr_content/par/featured_image/media-0.img.jpg/0/0/1524323959942.jpg?ve=1| |2018-04-21T15:45:00+00:00|
|fox-news| |88| |Fox News| |Media war on Trump continues around the clock, and other proof of media bias| |The media war against President Trump continues without stop.| |http://www.foxnews.com/opinion/2018/04/21/media-war-on-trump-continues-around-clock-and-other-proof-media-bias.html| |http://a57.foxnews.com/media2.foxnews.com/BrightCove/694940094001/2018/04/18/0/0/694940094001_5772876771001_5772874043001-vs.jpg?ve=1| |2018-04-21T13:29:00+00:00|
|fox-news| |89| |Fox News| |Barbara Bush funeral expected to draw 1,500 guests| |An invitation-only private funeral service wil be held Saturday in Houston for the late former first lady Barbara Bush, with first lady Melania Trump and former presidents Bill Clinton and Barack Obama and their wives expected among some 1,500 guests.| |http://www.foxnews.com/politics/2018/04/21/barbara-bush-funeral-expected-to-draw-1500-guests.html| |http://a57.foxnews.com/media2.foxnews.com/BrightCove/694940094001/2018/04/20/0/0/694940094001_5774125811001_5774123289001-vs.jpg?ve=1| |2018-04-21T10:30:00+00:00|
|national-geographic| |90| |Carrie Arnold| |Deepest Octopus Nursery Discovered, Holds Dark Secret| |Submersible footage reveals hundreds of mother octopi brooding their eggs more than a mile deep.| |https://news.nationalgeographic.com/2018/04/animals-octopuses-deep-sea-oceans.html| |https://pmdvod.nationalgeographic.com/NG_Video/314/1023/smpost_1524257085979.jpg| |2018-04-21T20:07:12.3989878Z|
|national-geographic| |91| |Gulnaz Khan| |Nostalgic Photos of Tourists in U.S. National Parks| |Captivated by hordes of visitors, camera-toting families, and packed motor coaches, this photographer embarked on a road trip to capture them.| |https://www.nationalgeographic.com/travel/destinations/north-america/united-states/national-parks/sightseer-american-tourists-in-national-parks.html| |https://www.nationalgeographic.com/content/dam/travel/2018-digital/national-park-sightseers-vintage/family-grand-canyon-national-park.jpg| |2018-04-21T20:07:12.3279199Z|
|national-geographic| |92| |Michael Greshko| |Bizarre Squid Seen Alive for First Time| |The deep-sea creature, which might be a new species, has marine biologists flummoxed.| |https://news.nationalgeographic.com/2018/04/squid-noaa-okeanos-explorer-animals-spd.html| |https://pmdvod.nationalgeographic.com/NG_Video/415/675/smpost_1524235348768.jpg| |2018-04-21T20:07:12.2848786Z|
|national-geographic| |93| |Elaina Zachos| |Here Are Some Alternatives to Reef-Damaging Sunscreen| |Harmful chemicals from sunscreen can leach into the ocean and damage coral. Here are some sun-blocking alternatives.| |https://www.nationalgeographic.com/travel/features/sunscreen-destroying-coral-reefs-alternatives-travel-spd.html| |https://www.nationalgeographic.com/content/dam/travel/2018-digital/sunscreen-coral-reef/sunscreen-coral-reef.jpg| |2018-04-21T20:07:11.4600853Z|
|national-geographic| |94| |Liz Langley| |This Beetle Can Withstand 40 Times More G-Force Than a Fighter Pilot| |Click beetles are among nature's many unsung acrobats with clever strategies for escape.| |https://news.nationalgeographic.com/2018/04/animals-sharks-spiders-birds-beetles.html| |https://news.nationalgeographic.com/content/dam/news/2018/04/21/waq-animal-acrobats/03-animal-acrobats-FWFA7E.jpg| |2018-04-21T20:07:11.3299603Z|
|national-geographic| |95| |Simon Worrall| |This Storm Chaser Risked It All for Tornado Research| |Tim Samaras always wanted to be a storm chaser and he was one of the best. But then he encountered the deadly El Reno tornado of 2013.| |https://news.nationalgeographic.com/2018/04/this-storm-chaser-risked-it-all-for-tornado-research.html| |https://news.nationalgeographic.com/content/dam/news/2018/04/21/book-talk-twister-tornado-storm-chaser/01-book-talk-tornado-storm-chaser.jpg| |2018-04-21T20:07:11.2548885Z|
|national-geographic| |96| |Sarah Gibbens| |How the Environment Has Changed Since the First Earth Day| |When the first Earth Day was held in 1970, pesticides were killing bald eagles, and soot was darkening the sky. Now, habitat loss and climate change are imperiling the planet.| |https://news.nationalgeographic.com/2018/04/earth-day-then-now-history-science-spd.html| |https://news.nationalgeographic.com/content/dam/news/2018/04/20/1970s-now-pollution/01-pollution-1970s.jpg| |2018-04-21T20:07:11.1457841Z|
|national-geographic| |97| |National Geographic Staff| |The Most Compelling Photos of Earth| |Every day, National Geographic publishes powerful images that showcase the beauty of Earth. Here are 10 pictures that stood out to our photo editors.| |https://www.nationalgeographic.com/photography/proof/2018/04/most-compelling-photos-of-earth.html| |https://www.nationalgeographic.com/content/dam/magazine/rights-exempt/2017/07/Antarctic-Melt/antarctic-melt-lemaire-channel-sunset.jpg| |2018-04-21T20:07:11.0637043Z|
|national-geographic| |98| |Heather Brady| |5 Times People Used Trees to Change the World| |These people have used trees to fight climate change, help with diplomacy, and save their island.| |https://news.nationalgeographic.com/2018/04/trees-impact-india-london-georgia-erosion-forest-culture.html| |https://news.nationalgeographic.com/content/dam/news/2018/04/20/changing-world-with-trees/german-child-million-trees.jpg| |2018-04-21T20:07:10.9385849Z|
|national-geographic| |99| |Sarah Gibbens| |How You Can Participate in Earth Day| |From grassroots to global, these initiatives aim to counter our most pressing environmental issues.| |https://news.nationalgeographic.com/2018/04/earth-day-how-to-get-involved-culture-spd.html| |https://pmdvod.nationalgeographic.com/NG_Video/30/339/1215481923917_640x360_1215507523735.jpg| |2018-04-21T20:07:09.7404337Z|
|nbc-news| |100| |Daniel Arkin| |Florida's Brevard County may deploy armed janitors and other staffers to fight school shooters| |Activists in Brevard County, Florida, are gearing up to try to derail the Sheriff-Trained Onsite Marshal Program, STOMP, before a school board vote next month.| |http://www.nbcnews.com/news/us-news/florida-s-brevard-county-may-deploy-armed-janitors-other-staffers-n867576| |https://media1.s-nbcnews.com/j/newscms/2018_16/2404651/180419-gun-mn-1545_9d0374181b0b74547d27a121a92360e4.1200;630;7;70;5.jpg| |2018-04-21T18:38:04.4184026Z|
|nbc-news| |101| |NOVALUE| |After air accidents, survivors grapple with flying again| |Survivors of air accidents often say their survival was a miracle. But what follows is another kind of miracle: Getting on a plane again.| |http://www.nbcnews.com/news/us-news/after-air-accidents-survivors-grapple-flying-again-n868086| |https://media4.s-nbcnews.com/j/newscms/2018_16/2406831/180421-southwest-airlines-rs-140p_a7abb22b1ca7198828d77479eed7a43b.1200;630;7;70;5.JPG| |2018-04-21T18:38:03.1832358Z|
|nbc-news| |102| |Martha C. White| |Growing like a weed? California marijuana market off to slow start| |Even with legally available marijuana, a network of regulations and higher prices means many people are still relying on the black market to get their high.| |http://www.nbcnews.com/business/business-news/growing-weed-california-marijuana-market-slow-start-n867871| |https://media1.s-nbcnews.com/j/newscms/2018_01/2278651/180101-marijuana-california-ac-532p_d867ea0ceb4fcac68c07d2f5195100fc.1200;630;7;70;5.jpg| |2018-04-21T17:53:09.8025639Z|
|nbc-news| |103| |Andrea Mitchell| |Remembering Barbara Bush, a beloved first lady of strength and purpose| |"If there is a theme that weaves through my recollections ... it is how deeply invested Barbara was in political strategy for her husband and sons."| |http://www.nbcnews.com/news/us-news/remembering-barbara-bush-beloved-first-lady-strength-purpose-n868051| |https://media3.s-nbcnews.com/j/newscms/2018_16/2400376/180416-barbara-bush-2013-njs-1043_789eef5b25f44ea95f4419ab66cf1c92.1200;630;7;70;5.jpg| |2018-04-21T16:45:11.3328047Z|
|nbc-news| |104| |Katy Tur, Max Burman| |Trump says Michael Cohen won't flip. Those close to him aren't so sure.| |President Donald Trump said on Twitter Saturday that he doesn't see Michael Cohen, his embattled lawyer, turning on him amid despite increasing legal issues.| |http://www.nbcnews.com/politics/donald-trump/trump-says-michael-cohen-won-t-flip-those-close-him-n868046| |https://media1.s-nbcnews.com/j/newscms/2018_13/2366211/180316-michael-cohen-ac-939p_02551ce657ae53e5559cc4ac164113b0.1200;630;7;70;5.jpg| |2018-04-21T16:30:18.1286285Z|
|nbc-news| |105| |Jonathan Allen, Leigh Ann Caldwell| |GOP faces rural rebellion over Trump trade agenda| |President Donald Trump's trade policies are confounding Republicans as rural voters — his strongest supporters — stand to get the short end of the stick just months away from the midterms.| |http://www.nbcnews.com/politics/politics-news/gop-faces-rural-rebellion-over-trump-trade-agenda-n866456| |https://media3.s-nbcnews.com/j/newscms/2018_16/2404796/180419-illinois-farm-aerial-soybean-harvest-se-503p_48995005bcd644e8d700b8f1fedd0c4e.1200;630;7;70;5.jpg| |2018-04-21T12:30:10.0994431Z|
|nbc-news| |106| |Rachel Elbaum| |Prince Harry, Meghan Markle help make Britain's monarchy modern| |Meghan Markle's spirited start to her new life has given Britain's royal family a popularity boost and helped breathe new life into an ancient institution.| |http://www.nbcnews.com/news/world/prince-harry-meghan-markle-help-make-britain-s-monarchy-modern-n862416| |https://media4.s-nbcnews.com/j/newscms/2018_16/2406696/180420-harry-meghan-mc-1129_43805d63f05697aa9874e99fcf704fdd_76a041f565e000236623b786f8f8eb6b.1200;630;7;70;5.JPG| |2018-04-21T09:38:03.779022Z|
|nbc-news| |107| |Phil Helsel, Stella Kim| |North Korea says it has suspended nuclear and missile testing| |North Korea has "reached the target stage, where the nation and people's safety is reliably secured," said the country's leader, Kim Jong Un.| |http://www.nbcnews.com/news/north-korea/north-korea-says-it-has-suspended-nuclear-missile-testing-n867961| |https://media1.s-nbcnews.com/j/newscms/2018_16/2398021/180413-kim-jong-un-136p-rs_da740ae2d3558a6d113d6dabba2933fd.1200;630;7;70;5.JPG| |2018-04-21T03:37:39.9466914Z|
|nbc-news| |108| |Andrea Mitchell| |North Korea nuke test halt could be ruse, but a sign Pyongyang serious about talks| |North Korea's announcement it would suspend nuclear and missile tests could be a ruse, but it is a sign that Pyongyang is serious about talks.| |http://www.nbcnews.com/news/north-korea/north-korea-nuke-test-halt-could-be-ruse-sign-pyongyang-n868006| |https://media1.s-nbcnews.com/j/newscms/2018_16/2155196/170914-north-korea-ac-629p_de38b19d4c05faccc533fb95c518a8ac.1200;630;7;70;5.jpg| |2018-04-21T02:52:49.2223187Z|
|nbc-news| |109| |Alex Seitz-Wald| |DNC sues Trump, Russia, Wikileaks over 2016 email hack| |The Democratic National Committee is suing Donald Trump, the Russian government, and Wikileaks, alleging a conspiracy to damage the Democratic Party.| |http://www.nbcnews.com/politics/donald-trump/dnc-sues-trump-russia-wikileaks-over-2016-email-hack-n867801| |https://media4.s-nbcnews.com/j/newscms/2018_16/2223056/171111-trump-putin-apec-838a-rs_cde620851e0423b08b4bddd7cf045786.1200;630;7;70;5.JPG| |2018-04-20T16:38:31.9653693Z|
|techcrunch| |110| |Ron Miller| |Pivotal CEO talks IPO and balancing life in Dell family of companies| |Pivotal has kind of a strange role for a company. On one hand its part of the EMC federation companies that Dell acquired in 2016 for a cool $67 billion, but it’s also an independently operated entity within that broader Dell family of companies — and that ha…| |https://techcrunch.com/2018/04/21/pivotal-ceo-talks-ipo-and-balancing-life-in-dell-family-of-companies/| |https://techcrunch.com/wp-content/uploads/2017/12/pivotalsoftware2.jpeg?w=533| |2018-04-21T18:51:02Z|
|techcrunch| |111| |Ron Miller| |In the NYC enterprise startup scene, security is job one| |While most people probably would not think of New York as a hotbed for enterprise startups of any kind, it is actually quite active. When you stop to consider that the world’s biggest banks and financial services companies are located there, it would certainl…| |https://techcrunch.com/2018/04/21/nyc-enterprise-security/| |https://techcrunch.com/wp-content/uploads/2018/04/security-scorecard-frame1-80.jpg?w=753| |2018-04-21T16:00:54Z|
|techcrunch| |112| |Danny Crichton| |Through luck and grit, Datadog is fusing the culture of developers and operations| |There used to be two cultures in the enterprise around technology. On one side were software engineers, who built out the applications needed by employees to conduct the business of their companies. On the other side were sysadmins, who were territorially pro…| |https://techcrunch.com/2018/04/21/datadog-and-new-york/| |https://techcrunch.com/wp-content/uploads/2018/04/datadog-frame-80.jpg?w=753| |2018-04-21T16:00:47Z|
|techcrunch| |113| |Danny Crichton| |Up-and-coming enterprise startups in NYC| |New York City has an incredible density of up-and-coming enterprise-focused startups. While the winners are publicized and well-known, we felt it was time to put a bit of a spotlight on younger companies, ones you may not have heard about yet, but are likely …| |https://techcrunch.com/gallery/up-and-coming-enterprise-startups-in-nyc/| |https://techcrunch.com/wp-content/uploads/2018/04/dsc_0189.jpg?w=602| |2018-04-21T16:00:41Z|
|techcrunch| |114| |Ron Miller| |NS1 brings domain name services to the enterprise| |When you think about critical infrastructure, DNS or domain naming services might not pop into your head, but what is more important than making sure your website opens quickly and efficiently for your users. NS1 is a New York City startup trying to bring sof…| |https://techcrunch.com/2018/04/21/ns1-dns/| |https://techcrunch.com/wp-content/uploads/2018/04/ns1-frame-80.jpg?w=753| |2018-04-21T16:00:40Z|
|techcrunch| |115| |Danny Crichton| |Full-Metal Packet is hosting the future of cloud infrastructure| |Cloud computing has been a revolution for the data center. Rather than investing in expensive hardware and managing a data center directly, companies are relying on public cloud providers like AWS, Google Cloud, and Microsoft Azure to provide general-purpose …| |https://techcrunch.com/2018/04/21/full-metal-packet/| |https://techcrunch.com/wp-content/uploads/2018/04/packet-frame-80.jpg?w=753| |2018-04-21T16:00:32Z|
|techcrunch| |116| |Ron Miller| |BigID lands in the right place at the right time with GDPR| |Every startup needs a little skill and a little luck. BigID, a NYC-based data governance solution has been blessed with both. The company, which helps customers identify sensitive data in big data stores, launched at just about the same time that the EU annou…| |https://techcrunch.com/2018/04/21/bigid-and-gdpr/| |https://techcrunch.com/wp-content/uploads/2018/04/bigid-frame-80.jpg?w=753| |2018-04-21T16:00:18Z|
|techcrunch| |117| |Danny Crichton| |Timescale is leading the next wave of NYC database tech| |Data is the lifeblood of the modern corporation, yet acquiring, storing, processing, and analyzing it remains a remarkably challenging and expensive project. Every time data infrastructure finally catches up with the streams of information pouring in, another…| |https://techcrunch.com/2018/04/21/timescale-db/| |https://techcrunch.com/wp-content/themes/techcrunch-2017/images/opengraph-default.png| |2018-04-21T16:00:01Z|
|techcrunch| |118| |Danny Crichton| |Special Report: New York’s enterprise infrastructure ecosystem| |New York City is a marvel of infrastructure planning and engineering. There are the visible landmarks — the Brooklyn Bridge, the Lincoln Tunnel, the Empire State Building — and also the invisible ones that run the city beneath its crowded streets, such as one…| |https://techcrunch.com/2018/04/21/new-yorks-enterprise-infrastructure-ecosystem/| |https://techcrunch.com/wp-content/uploads/2018/04/nyc-enterprise.png?w=753| |2018-04-21T16:00:00Z|
|techcrunch| |119| |John Biggs| |See you on Monday for some crypto talk| |I’ll be helping build a larger meetup focused on pre-ICO companies in New York on April 23 and I’d love to see you there. It will be held at Knotel on April 23 at 7pm and will feature a pitch-off with eight startups — I will write about the best ones — and tw…| |https://techcrunch.com/2018/04/21/see-you-on-monday-for-some-crypto-talk/| |https://techcrunch.com/wp-content/themes/techcrunch-2017/images/opengraph-default.png| |2018-04-21T12:48:09Z|
|the-huffington-post| |120| |Nina Golgowski| |U.S. Luger Emily Sweeney Wipes Out In Dramatic Olympics Crash| |The athlete was reportedly taken to a hospital for evaluation.| |http://www.huffingtonpost.com/entry/luge-emily-sweeney-crash_us_5a82df99e4b01467fcf17f22?ncid=inblnkushpmg00000009| |https://img.huffingtonpost.com/asset/5a82e4152100003800601109.jpeg?cache=lktstgeiay&ops=1910_1000| |2018-02-13T13:39:48Z|
|the-huffington-post| |121| |On assignment for HuffPost| |Eastern Kentucky's Struggle With Water Symbolizes America's Crumbling Infrastructure| |But local communities are starting to take back control.| |http://www.huffingtonpost.com/entry/appalachia-eastern-kentucky-water-shutoffs_us_5a7c91b2e4b0c6726e10b620?ncid=inblnkushpmg00000009| |https://img.huffingtonpost.com/asset/5a817ddc1e000038007ab68d.jpeg?ops=1910_1000| |2018-02-13T10:47:05Z|
|the-huffington-post| |122| |Ed Mazza| |Trump Used Twitter To Defend Alleged Abusers, But Not To Congratulate U.S. Medal Winners| |As Team USA racks up wins, the president has been unusually silent.| |http://www.huffingtonpost.com/entry/trump-olympics-tweets_us_5a82813be4b01467fcf0c628?ncid=inblnkushpmg00000009| |http://img.huffingtonpost.com/asset/5a8284892000002d00eaeac4.jpeg?ops=1200_630| |2018-02-13T08:06:16Z|
|the-huffington-post| |123| |Nick Visser| |TV Networks Did A Really Crap Job Reporting On Climate Change Last Year| |"The networks undercovered or ignored the ways that climate change had real-life impacts on people."| |http://www.huffingtonpost.com/entry/us-television-climate-change_us_5a822ff0e4b01467fcf0892b?ncid=inblnkushpmg00000009| |http://img.huffingtonpost.com/asset/5a8273f3210000380060104c.jpeg?ops=1200_630| |2018-02-13T06:22:31Z|
|the-huffington-post| |124| |Ed Mazza| |The NRA Really Wants You To Stop Making Fun Of Trump Now, OK?| |Bonkers new spot features an angry dude smashing his TV.| |http://www.huffingtonpost.com/entry/nra-tv-smashing-ad_us_5a826959e4b0892a035243ec?ncid=inblnkushpmg00000009| |http://img.huffingtonpost.com/asset/5a8277dd2000003900eaeabb.jpeg?ops=1200_630| |2018-02-13T06:01:09Z|
|the-huffington-post| |125| |Eoin Blackwell| |Parents Of Republican Senate Hopeful Max Out Donations To Democratic Opponent| |Family dinners at Kevin Nicholson's house might get awkward.| |http://www.huffingtonpost.com/entry/kevin-nicholson-parents-donation_us_5a8246b6e4b0892a03522378?ncid=inblnkushpmg00000009| |https://img.huffingtonpost.com/asset/5a824c011e0000dc007ab7e1.jpeg?ops=1910_1000| |2018-02-13T03:23:00Z|
|the-huffington-post| |126| |Josh Butler| |Chloe Kim Takes Gold For U.S. In Women's Snowboard Halfpipe| |The 17-year-old wins with a near-perfect 98.25 score.| |http://www.huffingtonpost.com/entry/chloe-kim-snowboarding-gold_us_5a8242e0e4b00ecc923d597f?ncid=inblnkushpmg00000009| |http://img.huffingtonpost.com/asset/5a8249901e000037007ab7de.jpeg?ops=1200_630| |2018-02-13T02:46:49Z|
|the-huffington-post| |127| |Dana Liebelson| |In Rob Porter Case, Trump Sends A Message: We Will Protect Powerful Alleged Abusers| |"Trump has turned the clock back on the progress we’ve made in this country."| |http://www.huffingtonpost.com/entry/rob-porter-trump-powerful-alleged-abusers_us_5a821a35e4b01467fcf07650?ncid=inblnkushpmg00000009| |http://img.huffingtonpost.com/asset/5a821ceb1e0000dc007ab7bd.jpeg?ops=1200_630| |2018-02-13T02:16:26Z|
|the-huffington-post| |128| |Zach Carter| |What You Should Know About Trump's Nihilist Budget| |He just doesn't care.| |http://www.huffingtonpost.com/entry/trump-budget-fine-print_us_5a820d8ae4b01467fcf06af8?ncid=inblnkushpmg00000009| |http://img.huffingtonpost.com/asset/5a820de71e000037007ab7a4.jpeg?ops=1200_630| |2018-02-12T23:22:15Z|
|the-huffington-post| |129| |David Moye| |Twitter Bans GOP Candidate For Racist Meghan Markle Tweet| |Paul Nehlen superimposed a picture of Cheddar Man, an ancient Briton with dark skin, over Markle's face.| |http://www.huffingtonpost.com/entry/paul-nehlen-meghan-markle-twitter-ban_us_5a81c9c3e4b08dfc930694cc?ncid=inblnkushpmg00000009| |http://img.huffingtonpost.com/asset/5a81cb162100003900600f89.jpeg?ops=1200_630| |2018-02-12T19:53:20Z|
|the-new-york-times| |130| |Katie Benner, Sharon LaFraniere and Nicholas Fandos| |As Rod Rosenstein Battles to Protect Mueller, His Tactics Could Cost the Justice Dept.| |Under siege by the president’s allies in the House, Mr. Rosenstein has acceded to some demands. But his allies worry that may expose the Justice Department to political meddling.| |https://www.nytimes.com/2018/04/21/us/politics/rod-rosenstein-justice-department.html| |https://static01.nyt.com/images/2018/04/22/us/politics/22dc-rosenstein-print/00dc-rosenstein-facebookJumbo.jpg| |2018-04-21T19:58:29Z|
|the-new-york-times| |131| |Eric Lipton| |Scott Pruitt Met With Lobbyist Whose Wife Rented Him a $50-a-Night Condo| |The disclosure contradicts earlier statements that lobbying by J. Steven Hart before the E.P.A. hadn’t occurred.| |https://www.nytimes.com/2018/04/21/climate/pruitt-hart-condo-epa-lobbying.html| |https://static01.nyt.com/images/2018/04/22/us/22cli-epa-sub/22cli-epa-sub-facebookJumbo.jpg| |2018-04-21T19:54:11Z|
|the-new-york-times| |132| |Elizabeth Dias and Shane Goldmacher| |Bernie Sanders Says ‘Trump’s Agenda Is Dead’ if Democrats Win Midterms| |Mr. Sanders, the Vermont senator and 2016 presidential candidate, also criticized national Democrats for not doing more to support liberal candidates.| |https://www.nytimes.com/2018/04/20/us/politics/bernie-sanders-democrats-midterms.html| |https://static01.nyt.com/images/2018/04/21/business/21Sanders/21Sanders-facebookJumbo.jpg| |2018-04-21T16:29:20Z|
|the-new-york-times| |133| |Choe Sang-Hun| |Will Kim Jong-un Trade His Nuclear Arsenal to Rebuild Economy?| |North Korea’s leader has made economic growth the nation’s new top priority. But he appears intent on entering talks as an established nuclear power.| |https://www.nytimes.com/2018/04/21/world/asia/north-korea-kim-jong-un-nuclear-tests.html| |https://static01.nyt.com/images/2018/04/22/world/22nkorea-1/22nkorea-1-facebookJumbo.jpg| |2018-04-21T16:29:17Z|
|the-new-york-times| |134| |https://www.nytimes.com/by/nellie-bowles, http://www.nytimes.com/by/david-streitfeld| |Electric Scooters Are Causing Havoc. This Man Is Shrugging It Off.| |Travis VanderZanden, chief executive of electric scooter start-up Bird, is unperturbed by how San Francisco and other cities are in an uproar over the dockless vehicles.| |https://www.nytimes.com/2018/04/20/technology/electric-scooters-are-causing-havoc-this-man-is-shrugging-it-off.html| |https://static01.nyt.com/images/2018/04/21/business/21SCOOTERS-2/merlin_134164781_97d13740-9e17-4957-8854-cf9cb64117cb-facebookJumbo.jpg| |2018-04-21T16:29:09.206Z|
|the-new-york-times| |135| |Steve Eder and Hiroko Tabuchi| |Scott Pruitt Before the E.P.A.: Fancy Homes, a Shell Company and Friends With Money| |The E.P.A. chief is under scrutiny for high spending and interactions with lobbyists. Many of the pitfalls he has encountered in Washington have echoes in his past.| |https://www.nytimes.com/2018/04/21/us/politics/scott-pruitt-oklahoma-epa.html| |https://static01.nyt.com/images/2018/04/22/climate/22REG-PRUITTOK-pruitt/22REG-PRUITTOK-pruitt-facebookJumbo-v2.jpg| |2018-04-21T16:25:31Z|
|the-new-york-times| |136| |The New York Times| |Trump Criticizes Times Report About His Longtime Lawyer| |The report described President Trump’s years of poor treatment of the lawyer, Michael D. Cohen, and concerns that Mr. Cohen will cooperate with the federal officials who are investigating him.| |https://www.nytimes.com/2018/04/21/us/politics/trump-cohen-new-york-times.html| |https://static01.nyt.com/images/2018/04/22/us/22dc-trumptweet/22dc-trumptweet-facebookJumbo.jpg| |2018-04-21T15:55:53Z|
|the-new-york-times| |137| |Alexander Burns| |Fearing Chaos, National Democrats Plunge Into Midterm Primary Fights| |Democratic leaders are intervening aggressively in California, where the state’s unusual voting system could undercut their chances in crowded congressional races.| |https://www.nytimes.com/2018/04/21/us/politics/democrats-house-midterms-california.html| |https://static01.nyt.com/images/2018/04/22/business/22midterms-jp1/22midterms-3-facebookJumbo.jpg| |2018-04-21T15:32:05Z|
|the-new-york-times| |138| |Maggie Haberman, Sharon LaFraniere and Danny Hakim| |Michael Cohen Has Said He Would Take a Bullet for Trump. Maybe Not Anymore.| |Roger Stone says Mr. Trump has long treated Mr. Cohen, his lawyer and fixer, “like garbage.” Now he could end up cooperating in a criminal investigation against Mr. Trump.| |https://www.nytimes.com/2018/04/20/us/politics/trump-michael-cohen.html| |https://static01.nyt.com/images/2018/04/21/us/politics/21dc-trumpcohen1/21dc-trumpcohen1-facebookJumbo.jpg| |2018-04-20T18:43:18Z|
|the-new-york-times| |139| |Choe Sang-Hun| |Confronting a Crisis? Now, Kim Jong-un Can Just Pick Up the Phone| |North Korea and South Korea have installed the first-ever telephone hotline between their top leaders in another sign of improving relations.| |https://www.nytimes.com/2018/04/20/world/asia/kim-jong-un-hotline-korea.html| |https://static01.nyt.com/images/2018/04/21/world/21korea-1/21korea-1-facebookJumbo.jpg| |2018-04-20T10:00:29Z|
|the-verge| |140| |Andrew Liptak| |Amazon won’t let users review James Comey’s new book if they didn’t purchase it through the site| |Amazon will only allow users who have purchased James Comey’s new book A Higher Loyalty to review the book for the site.| |https://www.theverge.com/2018/4/21/17266312/amazon-james-comey-a-higher-loyalty-book-reviews-verified-purchase| |https://cdn.vox-cdn.com/thumbor/ZulCcwbjnS2KQmo2z6ShrvEsIPA=/0x367:6000x3508/fit-in/1200x630/cdn.vox-cdn.com/uploads/chorus_asset/file/10694045/947647570.jpg.jpg| |2018-04-21T19:33:51Z|
|the-verge| |141| |Tasha Robinson| |Netflix’s Cargo has a few new ideas for the zombie genre| |Yolanda Ramke and Ben Howling’s low-key horror film, an expanded version of their striking 2013 short, stars Martin Freeman and Susie Porter as parents trying to shepherd a baby through an outbreak of living dead. The Netflix film has some memorable moments, …| |https://www.theverge.com/2018/4/21/17266022/netflix-cargo-review-martin-freeman-zombie-outback-movie-tribeca-2018| |https://cdn.vox-cdn.com/thumbor/_1r6oI-gJjQ41k3WIbLAupGZK_8=/16x0:1651x856/fit-in/1200x630/cdn.vox-cdn.com/uploads/chorus_asset/file/10693463/Cargo_015.JPG| |2018-04-21T19:00:02Z|
|the-verge| |142| |Andrew Liptak| |The new Star Wars novel goes deep into the past and future of Han Solo| |What makes a good Han Solo story?| |https://www.theverge.com/2018/4/21/16962486/star-wars-han-solo-lando-calrissian-last-shot-daniel-jose-older-ac-crispin-book-review| |https://cdn.vox-cdn.com/thumbor/F3HHH2NOeBs7AK2DpghpYk4bnEU=/0x144:2040x1212/fit-in/1200x630/cdn.vox-cdn.com/uploads/chorus_asset/file/10667831/aliptak_180417_2427_7316.jpg| |2018-04-21T14:00:02Z|
|the-verge| |143| |Rachel Becker| |North Korea’s freeze on nuclear testing isn’t a victory — it’s negotiation| |North Korea will be pressing pause on its nuclear and missile tests this weekend in advance of summits with South Korea’s President Moon Jae-in next week and with Donald Trump sometime this spring, Reuters reports. But that doesn’t mean North Korea’s getting …| |https://www.theverge.com/2018/4/20/17264360/north-korea-nuclear-missile-testing-freeze-negotiation-summits| |https://cdn.vox-cdn.com/thumbor/KWT6rP-W9c855l1kMiwxq-8yjEk=/0x129:1800x1071/fit-in/1200x630/cdn.vox-cdn.com/uploads/chorus_asset/file/10691477/photoforensics_latest_launch_09_Focus_Normal_N__2_.jpg| |2018-04-20T23:55:36Z|
|the-verge| |144| |Ashley Carman| |No, staring at a screen won’t damage your eyes| |Your backlight display might cause eye discomfort, aka Computer Vision Syndrome, but you’ll be okay. You could try different monitors and office setups to reduce your symptoms.| |https://www.theverge.com/circuitbreaker/2018/4/20/17256382/gadget-myth-busters-screen-damage-computer-vision-syndrome| |https://cdn.vox-cdn.com/thumbor/D7KA47eK5KNSUUpGdf9bK1qywzo=/0x146:2040x1214/fit-in/1200x630/cdn.vox-cdn.com/uploads/chorus_asset/file/10681689/akrales_180409_2450_0176.jpg| |2018-04-20T14:21:41Z|
|the-verge| |145| |Andrew Webster| |God of War and Yakuza 6 show how games can tell great stories about parents| |Both God of War and Yakuza 6 are launching on the PS4, and they’re two of the best examples yet of exploring parenting through games.| |https://www.theverge.com/2018/4/20/17261166/god-of-war-yakuza-6-parenting-dads-kratos-kiryu| |https://cdn.vox-cdn.com/thumbor/rCo2KThoh4m9sUkZDoTRRjqnmk4=/0x38:1920x1043/fit-in/1200x630/cdn.vox-cdn.com/uploads/chorus_asset/file/10687373/YAKUZA_6__The_Song_of_Life_20180405105953.jpg| |2018-04-20T14:01:56Z|
|the-verge| |146| |Dieter Bohn| |Exclusive: Chat is Google’s next big fix for Android’s messaging mess| |Google is trying a next texting strategy. Instead of trying to make Allo win, it’s going to partner with carriers to launch the successor to SMS, all so it can finally take on iMessage| |https://www.theverge.com/2018/4/19/17252486/google-android-messages-chat-rcs-anil-sabharwal-imessage-texting| |https://cdn.vox-cdn.com/thumbor/u-er_i6zQnPqcg4Q6OcvsgLePTQ=/173x0:5215x2640/fit-in/1200x630/cdn.vox-cdn.com/uploads/chorus_asset/file/10681777/6_web_2.png| |2018-04-20T00:45:02Z|
|the-verge| |147| |Lizzie Plaugic| |PopSugar allegedly stole “millions” of Instagram influencers’ photos for affiliate link profits| |PopSugar was accused of stealing the personal photos of style bloggers and micro-influencers, using them to generate their own affiliate-link commissions. RewardStyle, an invite-only web tool that helps bloggers monetize their content through affiliate links,…| |https://www.theverge.com/2018/4/19/17252196/popsugar-instagram-stolen-affiliate-links-photos-rewardstyle-shopstyle-response| |https://cdn.vox-cdn.com/thumbor/y7eOid3Y_0VAH_ns8P8ysEqamwA=/0x11:2050x1084/fit-in/1200x630/cdn.vox-cdn.com/uploads/chorus_asset/file/10677049/Screen_Shot_2018_04_17_at_7.26.00_PM.png| |2018-04-19T15:43:04Z|
|the-verge| |148| |Sean O'Kane| |Tesla vs. Waymo: who’s winning the race for self-driving cars| |Autonomous cars won’t happen without tons of data, but Tesla and Waymo have a big head start| |https://www.theverge.com/transportation/2018/4/19/17204044/tesla-waymo-self-driving-car-data-simulation| |https://cdn.vox-cdn.com/thumbor/wndZccLKnDmpii_WXqj6DHCdG2k=/0x146:2040x1214/fit-in/1200x630/cdn.vox-cdn.com/uploads/chorus_asset/file/10595567/wjoel_180404_2436_002.jpg| |2018-04-19T12:00:02Z|
|the-verge| |149| |Bryan Bishop| |Westworld season 2: our spoiler-free review| |In its initial season, HBO’s science fiction drama Westworld became as well-known for its storytelling style as for the actual story. But in the second season, the sleight of hand is left behind to focus on story and characters — and the incredible consequenc…| |https://www.theverge.com/2018/4/13/17231538/westworld-season-2-hbo-premiere-review| |https://cdn.vox-cdn.com/thumbor/WsHEWg8X_PexT05MscAd9GI-4-U=/0x0:4500x2356/fit-in/1200x630/cdn.vox-cdn.com/uploads/chorus_asset/file/10642083/afc873b6ff7c4c3e9061162e00f9992730a6a88b20b58ed710c48de0d7647195.jpg| |2018-04-13T11:00:02Z|
|the-washington-post| |150| |Anna Fifield, Anna Fifield| |North Korea is setting the mood for a summit with Trump. And that is progress.| |While there is good cause to be skeptical, North Korea’s latest steps are in the right direction.| |https://www.washingtonpost.com/world/asia_pacific/north-korea-is-setting-the-mood-for-a-summit-with-trump-and-that-is-progress/2018/04/21/bba5adc4-455c-11e8-8569-26fda6b404c7_story.html| |https://www.washingtonpost.com/resizer/S2NjaKfgUFjKhJnkL7whsFPO_k8=/1484x0/arc-anglerfish-washpost-prod-washpost.s3.amazonaws.com/public/KMXMPTSFPQI6RBLJE362NNAEY4.jpg| |2018-04-21T17:26:00Z|
|the-washington-post| |151| |NOVALUE| |Photos from the funeral for former first lady Barbara Bush| |Mourners gathered at St. Martin’s Episcopal Church in Houston to celebrate the life of the matriarch of the Bush family. More than a thousand guests are attending the private funeral, including four former presidents and three former first ladies, as well as …| |https://www.washingtonpost.com/national/photos-from-the-funeral-for-former-first-lady-barbara-bush/2018/04/21/34029694-44f7-11e8-8569-26fda6b404c7_gallery.html| |https://www.washingtonpost.com/rf/image_1484w/2010-2019/WashingtonPost/2018/04/21/National-Enterprise/Images/Rex_Former_US_first_lady_Barbara_Bus_9638801N.jpg?t=20170517| |2018-04-21T16:45:18.3155162Z|
|the-washington-post| |152| |Hamza Shaban, Hamza Shaban| |Barbara Bush to be honored by friends and family at private funeral in Houston| |More than a thousand guests are expected to attend the service, including four former presidents and first ladies.| |https://www.washingtonpost.com/news/post-politics/wp/2018/04/21/barbara-bush-to-be-honored-by-friends-and-family-at-private-funeral-in-houston/| |https://www.washingtonpost.com/resizer/TGctWtY0ua8jz_aT9z-YFfybVZ0=/1484x0/arc-anglerfish-washpost-prod-washpost.s3.amazonaws.com/public/WNLHTSBPQQ2IPGFAYGE65DDVVE.jpg| |2018-04-21T16:07:00Z|
|the-washington-post| |153| |David Nakamura, David Nakamura| |Trump lashes out at New York Times over Michael Cohen coverage, vows his attorney won’t ‘flip’| |The president appeared to be angered by a new story that says he mistreated his personal lawyer.| |https://www.washingtonpost.com/news/post-politics/wp/2018/04/21/trump-lashes-out-at-new-york-times-over-michael-cohen-coverage-vows-cohen-wont-flip/| |https://www.washingtonpost.com/resizer/LiPU-C973vhrpZ29v51WkIXMbtc=/1484x0/arc-anglerfish-washpost-prod-washpost.s3.amazonaws.com/public/MQKB7SIIRM5X3AW7A5RPXMXZUA.jpg| |2018-04-21T14:33:00Z|
|the-washington-post| |154| |Gillian Brockell, Gillian Brockell| |Barbara Bush’s funeral: Why Melania Trump, Michelle Obama, Hillary Clinton will be there| |The tradition of first ladies attending the funerals of other first ladies dates back to Dolley Madison, but didn't become truly expected until Eleanor Roosevelt's funeral in 1962.| |https://www.washingtonpost.com/news/retropolis/wp/2018/04/21/barbara-bushs-funeral-why-melania-trump-michelle-obama-hillary-clinton-will-go/| |https://www.washingtonpost.com/resizer/aVWYtnwhgkgODjmk0G1YGG8-8Jg=/1484x0/arc-anglerfish-washpost-prod-washpost.s3.amazonaws.com/public/VEMD5IYIMM73XBPTATTLUXR6FI.jpg| |2018-04-21T11:00:00Z|
|the-washington-post| |155| |Paul Kane, Paul Kane| |Analysis || Disruptive conservative groups lose their punch with Trump in charge| |GOP incumbents once feared the voting scorecard from conservative groups and the possibility of a challenger. Now the only grade that counts comes from the president.| |https://www.washingtonpost.com/powerpost/disruptive-conservative-groups-lose-their-punch-with-trump-in-charge/2018/04/20/c92e19c6-44d1-11e8-8569-26fda6b404c7_story.html| |https://www.washingtonpost.com/resizer/D1jI7W69zNS6OwGJE_961m_ntjg=/1484x0/arc-anglerfish-washpost-prod-washpost.s3.amazonaws.com/public/6MTZVRCFAEI6RO5CBF3KQKYFUI.jpg| |2018-04-21T11:00:00Z|
|the-washington-post| |156| |Dan Balz, Dan Balz| |Analysis || Under attack, the FBI becomes a partisan battleground| |The agency has been weakened by Trump’s attacks, embattled leadership at DOJ and old allies at odds with one| |https://www.washingtonpost.com/politics/under-attack-the-fbi-becomes-a-partisan-battleground/2018/04/21/5c6fb0d8-44d6-11e8-8569-26fda6b404c7_story.html| |https://www.washingtonpost.com/resizer/nrfD3sJ-zJWSbd6b2YG--_krpbU=/1484x0/arc-anglerfish-washpost-prod-washpost.s3.amazonaws.com/public/2LQ2DJCFLUI6RO5CBF3KQKYFUI.jpg| |2018-04-21T07:33:00Z|
|the-washington-post| |157| |Fenit Nirappil, Fenit Nirappil| |Under fire for Farrakhan donation, D.C. lawmaker Trayon White says he’s ‘not backing down’| |As the council member faces calls for reprimands, he criticizes media coverage.| |https://www.washingtonpost.com/local/dc-politics/under-fire-for-farrakhan-donation-dc-lawmaker-trayon-white-says-hes-not-backing-down/2018/04/21/ed31971c-457b-11e8-8569-26fda6b404c7_story.html| |https://www.washingtonpost.com/rf/image_1484w/2010-2019/WashingtonPost/2018/03/24/Local-Politics/Images/dcswearing17.jpg?t=20170517| |2018-04-21T07:25:00Z|
|the-washington-post| |158| |Joby Warrick, Joby Warrick| |Suspicious factory underscores challenge of verifying North Korea’s nuclear promises| |Even as Kim Jong Un pledges to freeze nuclear tests, some weapons programs may advance in secret, experts say.| |https://www.washingtonpost.com/world/national-security/suspicious-factory-underscores-challenge-of-verifying-north-koreas-nuclear-promises/2018/04/21/fad9764e-457d-11e8-8569-26fda6b404c7_story.html| |https://www.washingtonpost.com/resizer/8Msex_7R6DfWER5_W1Xgb21tB_U=/1484x0/arc-anglerfish-washpost-prod-washpost.s3.amazonaws.com/public/D5EW5YSFQUI6RO5CBF3KQKYFUI.jpg| |2018-04-21T07:08:00Z|
|the-washington-post| |159| |Sari Horwitz, Rosalind S. Helderman, Josh Dawsey, Matt Zapotosky, Sari Horwitz, Rosalind S. Helderman, Josh Dawsey, Matt Zapotosky| |Sessions told White House that Rosenstein’s firing could prompt his departure, too| |The attorney general made his position known in a recent phone call with White House counsel Donald McGahn.| |https://www.washingtonpost.com/world/national-security/sessions-told-white-house-that-rosensteins-firing-could-prompt-his-departure-too/2018/04/20/911ca994-44c7-11e8-bba2-0976a82b05a2_story.html| |https://www.washingtonpost.com/resizer/EQw8Q5DXH9rJxYdKdFjTpMJzP_I=/1484x0/arc-anglerfish-washpost-prod-washpost.s3.amazonaws.com/public/AE2ZO7CEYMI6RO5CBF3KQKYFUI.jpg| |2018-04-20T11:30:00Z|
|time| |160| |Justin Worland| |President Trump's Pick for Secretary of State Just Confirmed 'Hundreds' of Russians Were Killed in a U.S. Attack in Syria| || |http://time.com/5237922/mike-pompeo-russia-confirmation/?xid=homepage| |https://timedotcom.files.wordpress.com/2018/04/mike-pompeo-russia-syria.jpeg?quality=85| |2018-04-12T17:00:54Z|
|time| |161| |Eli Meixler| |Mitzi Shore, the 'Legendary Godmother' of Stand-Up Comedy, Has Died Aged 87| || |http://time.com/5237309/mitzy-shore-comedy-store-dies/?xid=homepage| |https://timedotcom.files.wordpress.com/2018/04/gettyimages-143262126.jpg?quality=85| |2018-04-12T06:27:35Z|
|time| |162| |Jake Pearson and Jeff Horwitz / AP| |The National Enquirer Paid $30,000 for a 'Rumor' About Donald Trump. Then It Spiked the Story| || |http://time.com/5237359/michael-cohen-national-enquirer-dino-sajudin/?xid=homepage| |https://timedotcom.files.wordpress.com/2018/04/ap18102170338005.jpg?quality=85| |2018-04-12T06:02:03Z|
|time| |163| |Laignee Barron| |A Baby Was Born in China Four Years After His Parents Died| || |http://time.com/5237297/baby-china-ivf-surrogacy-laos/?xid=homepage| |https://timedotcom.files.wordpress.com/2018/04/gettyimages-158716555.jpg?quality=85| |2018-04-12T04:52:10Z|
|time| |164| |Joey Nolfi / EW| |Here's Why Netflix Won't Be Joining the Cannes Film Festival This Year| || |http://time.com/5237280/netflix-withdraw-cannes-film-festival/?xid=homepage| |https://timedotcom.files.wordpress.com/2018/04/gettyimages-473044618.jpg?quality=85| |2018-04-12T02:58:51Z|
|time| |165| |DAVID A. LIEB and SUMMER BALLENTINE (AP)| |Bipartisan Report Details Missouri Governor's Alleged Unwanted Sexual Encounter| || |http://time.com/5237172/report-details-missouri-governors-eric-greitens-sexual-encounter/?xid=homepage| |https://timedotcom.files.wordpress.com/2018/02/missouri-governor-eric-greitens-indictment.jpg?quality=85| |2018-04-11T23:18:27Z|
|time| |166| |Associated Press| |Los Angeles Prosecutors Are Reviewing Kevin Spacey's Sexual Assault Case| || |http://time.com/5237022/los-angeles-kevin-spacey-sexual-assault-case/?xid=homepage| |https://timedotcom.files.wordpress.com/2017/11/gettyimages-170376749.jpg?quality=85| |2018-04-11T22:21:02Z|
|time| |167| |Nash Jenkins| |Mark Zuckerberg Leaves Washington With Bumps and Bruises, but Otherwise Unscathed| || |http://time.com/5236871/zuckerberg-congress-testimony-facebook-cambridge/?xid=homepage| |https://timedotcom.files.wordpress.com/2018/04/gettyimages-944827400.jpg?quality=85| |2018-04-11T22:09:52Z|
|time| |168| |Philip Elliott| |Paul Ryan's Unexpected Exit Is a Warning Sign for Republicans| || |http://time.com/5236804/paul-ryan-retire-decision/?xid=homepage| |https://timedotcom.files.wordpress.com/2018/04/paul-ryan-not-seeking-reelection.jpg?quality=85| |2018-04-11T20:55:56Z|
|time| |169| |Associated Press| |More Than 181 People Killed in Algerian Military Plane Crash| || |http://time.com/5235989/algiers-algeria-militar-plane-crash/?xid=homepage| |https://timedotcom.files.wordpress.com/2017/08/time-breaking-news-t.jpg?quality=85| |2018-04-11T11:25:50Z|
